CellNumber,RandomNumber
9,228
10,4
14,704
18,748
26,220
29,132
30,976
39,272
40,388
49,516
54,696
68,976
72,880
80,664
85,752
88,248
98,804
100,144
101,476
118,516
120,892
126,952
128,184
137,980
151,676
156,440
159,60
168,272
175,904
176,876
180,996
186,620
187,440
196,764
198,316
206,728
209,708
211,960
228,564
233,868
235,56
237,680
252,888
254,252
269,472
273,236
277,400
285,388
290,236
302,708
308,8
309,36
319,540
320,332
325,496
331,520
334,596
338,852
342,216
346,892
347,756
355,684
361,640
362,88
366,920
368,92
370,724
373,776
378,108
381,672
385,292
408,0
413,584
417,816
418,112
419,792
423,912
429,756
439,68
447,536
458,292
464,680
465,256
470,136
472,92
473,752
479,460
480,952
485,788
487,212
489,228
492,872
494,688
495,372
499,148
505,272
507,204
510,384
516,56
518,76
520,992
522,696
529,760
536,796
538,40
543,336
549,36
554,260
556,132
567,820
569,492
573,592
575,192
579,940
584,592
585,320
586,544
589,636
590,888
594,28
596,836
597,452
601,504
605,408
606,376
611,680
612,112
613,488
617,640
624,336
628,16
630,920
632,684
638,448
639,24
640,876
644,812
646,720
649,356
650,892
651,732
655,296
663,468
667,916
671,232
677,704
680,832
681,672
688,440
689,652
695,752
698,280
700,844
702,472
710,0
717,104
718,672
719,780
720,44
724,968
727,468
729,0
730,388
734,928
736,256
742,476
746,920
748,252
750,604
751,468
755,164
759,636
761,436
768,168
782,264
783,12
791,876
799,236
800,148
803,944
807,240
808,384
810,560
820,880
821,396
823,992
825,360
828,36
829,372
835,268
837,176
842,436
845,44
857,880
861,876
874,324
875,608
878,784
884,844
885,992
890,744
891,620
897,924
898,368
900,4
903,896
911,764
917,680
923,364
925,88
928,184
929,192
932,560
938,356
941,44
943,396
952,428
955,812
959,556
967,44
970,468
975,108
982,556
984,48
998,32
999,84
1000,856
1002,768
1003,28
1010,620
1028,832
1029,408
1035,172
1036,980
1043,916
1044,488
1046,532
1047,528
1048,972
1050,428
1054,344
1061,496
1064,400
1070,620
1080,452
1082,656
1084,172
1086,176
1088,824
1089,92
1094,420
1095,128
1099,396
1119,68
1121,212
1124,680
1126,204
1129,8
1132,608
1133,372
1136,328
1141,396
1142,916
1144,148
1146,652
1147,280
1154,56
1155,776
1159,256
1160,960
1161,44
1163,568
1166,440
1173,188
1174,736
1188,796
1193,744
1194,264
1198,280
1199,412
1201,564
1202,556
1206,676
1212,436
1222,428
1225,800
1229,580
1230,136
1236,216
1243,224
1247,368
1248,932
1249,460
1251,760
1252,112
1260,560
1264,936
1268,304
1275,380
1279,96
1281,856
1288,464
1291,720
1295,880
1297,568
1300,596
1315,936
1324,820
1329,816
1332,624
1333,76
1335,56
1338,56
1342,456
1349,976
1350,604
1352,168
1358,512
1361,628
1363,120
1372,12
1374,196
1375,392
1379,152
1382,472
1388,844
1389,40
1391,944
1393,792
1400,992
1411,256
1413,808
1418,512
1419,308
1422,888
1430,764
1431,156
1439,164
1440,460
1441,192
1445,484
1452,8
1454,132
1458,760
1459,428
1462,364
1468,172
1471,800
1472,832
1473,112
1484,444
1492,812
1498,484
1499,632
1501,172
1502,836
1508,728
1511,420
1520,120
1521,336
1522,632
1527,192
1530,28
1538,648
1551,64
1553,4
1558,468
1562,288
1566,460
1567,316
1571,312
1572,680
1573,516
1580,40
1584,724
1585,688
1586,768
1587,932
1588,80
1597,140
1600,744
1614,436
1617,512
1626,672
1636,656
1643,228
1646,208
1647,416
1654,536
1658,412
1676,92
1677,432
1696,944
1701,852
1703,204
1705,376
1715,520
1720,836
1731,668
1733,468
1735,288
1737,48
1741,280
1742,880
1747,396
1750,668
1752,648
1760,720
1763,432
1768,820
1769,64
1770,212
1783,728
1794,496
1796,124
1797,964
1804,772
1816,60
1821,548
1828,508
1840,632
1843,824
1845,220
1846,164
1848,508
1853,288
1861,176
1864,604
1865,124
1872,640
1875,220
1876,52
1879,556
1889,420
1894,348
1905,116
1912,268
1927,860
1931,988
1950,444
1951,948
1953,664
1958,396
1963,896
1964,124
1967,520
1969,368
1975,776
1977,508
1983,308
1985,424
1993,768
1995,72
2002,752
2003,784
2004,904
2005,636
2013,532
2025,748
2026,796
2029,144
2034,236
2036,132
2037,484
2045,888
2048,92
2049,408
2054,308
2063,560
2068,388
2074,612
2078,448
2081,48
2087,316
2100,108
2102,948
2112,280
2115,80
2118,88
2121,932
2127,380
2128,28
2132,64
2134,248
2138,824
2139,672
2141,704
2148,272
2152,720
2158,428
2161,896
2164,940
2166,284
2169,40
2173,436
2179,132
2185,460
2189,732
2195,384
2206,204
2214,356
2223,760
2240,820
2241,932
2242,196
2243,520
2247,104
2248,976
2252,704
2257,8
2261,56
2262,964
2263,728
2264,184
2268,324
2269,812
2272,988
2274,644
2275,376
2276,356
2278,532
2289,908
2293,96
2297,956
2301,712
2304,276
2308,672
2311,204
2321,660
2324,352
2326,724
2327,292
2337,968
2341,44
2345,776
2349,648
2354,112
2357,732
2361,772
2371,332
2372,560
2374,376
2376,952
2382,964
2386,416
2387,592
2391,848
2392,220
2394,584
2397,792
2402,648
2405,132
2408,812
2420,396
2424,984
2427,824
2429,644
2431,828
2432,936
2435,612
2436,368
2438,684
2445,576
2460,888
2463,860
2465,360
2467,652
2469,96
2473,88
2474,592
2475,708
2476,328
2481,684
2489,180
2496,188
2498,740
2499,524
2500,632
2501,416
2504,308
2505,388
2507,528
2508,488
2512,244
2519,292
2521,420
2529,784
2532,412
2543,536
2551,748
2571,680
2573,604
2574,196
2577,728
2581,292
2583,348
2589,396
2590,372
2594,712
2599,652
2601,944
2602,928
2612,744
2615,912
2621,864
2622,944
2625,364
2628,588
2629,472
2631,688
2635,612
2636,192
2638,800
2639,180
2643,528
2648,404
2649,188
2651,400
2654,292
2655,756
2658,28
2660,480
2669,996
2670,552
2673,8
2678,952
2696,816
2707,224
2708,440
2709,36
2712,612
2716,104
2721,212
2722,96
2723,324
2732,792
2738,260
2743,260
2745,80
2753,232
2757,464
2768,264
2777,36
2778,80
2779,736
2781,248
2784,560
2785,812
2786,196
2787,432
2789,648
2794,256
2795,468
2797,104
2799,712
2800,644
2802,476
2806,536
2807,548
2815,180
2823,68
2826,168
2827,208
2830,12
2834,132
2838,960
2842,28
2843,96
2844,868
2845,384
2850,952
2853,84
2855,236
2869,92
2875,224
2877,676
2878,908
2891,8
2895,636
2897,516
2898,652
2901,896
2903,948
2905,308
2907,12
2908,308
2910,940
2912,240
2921,672
2923,956
2924,728
2933,4
2936,660
2937,672
2943,280
2944,64
2946,892
2950,984
2956,0
2963,584
2966,792
2968,192
2974,912
2975,444
2980,492
2982,824
2985,428
2987,880
2990,108
2991,420
2994,20
2995,624
3000,576
3011,92
3012,588
3025,256
3034,336
3035,916
3036,140
3039,824
3050,824
3051,16
3052,692
3054,836
3056,792
3065,24
3066,268
3067,964
3070,668
3071,944
3074,696
3075,508
3084,648
3093,152
3104,492
3116,640
3117,288
3128,856
3129,144
3132,464
3141,332
3146,480
3148,728
3154,512
3155,712
3172,304
3173,208
3175,360
3179,72
3186,176
3189,456
3190,804
3199,516
3200,820
3206,396
3214,820
3215,152
3220,956
3223,728
3226,252
3227,676
3230,72
3233,248
3234,252
3236,960
3238,848
3242,516
3244,256
3247,68
3254,784
3256,884
3257,476
3260,192
3266,184
3272,180
3275,64
3276,76
3279,264
3282,484
3287,868
3294,664
3296,68
3299,624
3300,176
3305,236
3310,468
3314,612
3334,712
3335,36
3337,736
3338,32
3345,632
3347,784
3354,684
3355,948
3356,828
3361,60
3363,596
3365,532
3369,524
3370,572
3373,580
3374,152
3376,620
3381,948
3387,840
3401,44
3402,464
3405,268
3407,832
3412,844
3413,224
3417,396
3419,608
3431,928
3439,116
3440,592
3443,760
3448,800
3449,104
3450,816
3463,956
3470,452
3471,696
3474,892
3475,68
3477,768
3483,992
3484,124
3488,368
3497,104
3499,396
3508,932
3510,928
3522,56
3528,864
3535,852
3538,304
3543,744
3551,976
3554,348
3556,776
3560,148
3564,380
3574,892
3575,896
3581,692
3584,388
3589,992
3590,964
3593,124
3594,324
3596,692
3602,172
3620,188
3622,548
3635,400
3640,924
3642,652
3645,252
3651,364
3653,384
3660,928
3665,452
3668,4
3670,416
3671,612
3676,504
3677,440
3680,536
3681,516
3684,896
3686,352
3688,616
3689,52
3695,492
3700,784
3702,688
3712,968
3714,336
3717,148
3718,908
3719,216
3732,88
3734,836
3735,664
3745,284
3751,56
3756,264
3763,188
3764,480
3774,972
3780,240
3781,564
3786,432
3787,428
3796,780
3797,276
3807,400
3818,276
3825,536
3826,852
3828,784
3830,596
3831,768
3835,960
3838,496
3840,760
3842,132
3852,304
3858,320
3861,708
3863,340
3866,436
3867,376
3868,372
3876,408
3877,964
3884,228
3886,564
3889,188
3893,116
3894,392
3896,664
3898,848
3899,560
3901,696
3903,84
3907,644
3908,764
3920,540
3933,596
3936,180
3938,40
3952,20
3955,632
3960,596
3961,360
3962,260
3966,920
3986,380
3994,132
3998,932
4002,868
4003,204
4007,472
4011,952
4015,576
4016,76
4023,748
4026,540
4028,580
4039,408
4048,660
4057,168
4062,464
4065,836
4066,664
4074,132
4081,748
4085,152
4094,648
4099,452
4103,196
4106,560
4109,984
4119,776
4123,816
4124,828
4127,748
4129,800
4130,332
4131,160
4134,624
4140,84
4141,212
4142,728
4144,224
4145,504
4150,816
4158,240
4161,940
4164,532
4165,396
4167,864
4172,984
4173,268
4181,588
4183,604
4184,364
4186,780
4190,608
4194,576
4196,776
4199,572
4208,668
4210,748
4214,276
4218,272
4221,944
4225,948
4232,64
4235,316
4244,636
4248,268
4250,16
4251,496
4253,836
4254,380
4256,444
4257,848
4259,416
4270,440
4271,312
4274,716
4279,284
4290,852
4292,720
4297,292
4298,980
4300,592
4305,156
4314,96
4315,344
4324,68
4325,588
4328,868
4332,204
4336,952
4341,596
4349,372
4351,184
4357,448
4360,524
4361,452
4363,240
4378,812
4381,856
4383,652
4384,740
4385,0
4386,872
4392,444
4395,104
4397,368
4400,64
4405,932
4411,208
4414,272
4429,104
4438,76
4449,672
4454,620
4455,116
4460,684
4467,968
4472,224
4475,340
4478,628
4487,184
4490,952
4498,132
4500,228
4503,216
4504,980
4507,652
4514,532
4522,748
4523,12
4526,68
4528,772
4530,8
4532,512
4538,236
4539,260
4545,340
4546,820
4551,620
4553,368
4556,544
4563,292
4564,456
4565,400
4566,188
4571,936
4580,252
4582,216
4589,396
4591,124
4592,304
4596,176
4598,952
4601,260
4602,396
4604,536
4609,360
4612,612
4615,320
4617,136
4622,536
4626,824
4632,88
4635,792
4636,312
4640,124
4646,228
4647,152
4648,408
4650,508
4651,876
4654,168
4658,532
4666,376
4668,92
4669,648
4678,540
4684,40
4688,924
4693,936
4694,436
4697,176
4704,876
4708,536
4717,640
4720,292
4726,176
4730,984
4731,476
4737,24
4739,936
4740,880
4746,320
4747,808
4751,964
4765,688
4769,428
4784,212
4788,684
4795,136
4803,960
4807,396
4815,616
4816,492
4818,456
4825,304
4833,848
4841,736
4842,352
4843,568
4845,444
4847,84
4854,144
4857,688
4860,76
4865,88
4867,360
4870,604
4879,888
4882,644
4883,8
4884,276
4890,780
4913,128
4917,604
4921,116
4922,556
4923,320
4927,216
4934,672
4935,688
4937,492
4945,712
4946,664
4948,460
4952,508
4954,984
4958,48
4959,856
4960,936
4962,980
4963,220
4973,768
4977,272
4979,944
4981,928
4984,844
4989,128
4990,360
4994,8
4995,4
4996,576
4997,512
5003,680
5004,196
5007,664
5010,676
5012,92
5013,252
5018,768
5022,872
5028,328
5029,104
5035,696
5039,324
5043,620
5048,636
5050,12
5056,400
5057,492
5065,44
5066,104
5069,788
5071,208
5073,212
5074,880
5078,408
5079,752
5080,260
5085,232
5098,672
5099,12
5108,368
5120,972
5122,812
5124,220
5126,620
5131,288
5139,424
5142,792
5147,32
5148,452
5149,292
5151,880
5158,832
5175,400
5183,32
5187,744
5195,336
5196,432
5201,544
5204,96
5211,252
5212,324
5219,996
5220,896
5223,328
5227,172
5228,588
5236,244
5237,548
5238,764
5249,812
5253,628
5260,536
5261,712
5269,296
5270,268
5274,20
5276,624
5281,712
5284,884
5285,660
5287,568
5290,464
5295,436
5296,232
5302,284
5304,648
5313,288
5314,376
5315,196
5319,348
5324,92
5340,424
5348,384
5357,288
5361,876
5376,36
5379,84
5390,292
5391,748
5400,748
5402,452
5407,152
5414,444
5415,932
5416,328
5418,768
5419,884
5421,628
5426,924
5429,156
5443,876
5451,192
5458,780
5465,328
5469,912
5477,584
5479,432
5481,336
5486,268
5487,904
5489,684
5491,328
5496,304
5503,912
5504,780
5505,400
5510,384
5515,544
5518,736
5522,156
5524,996
5526,504
5533,308
5539,340
5547,244
5559,816
5561,360
5563,592
5570,376
5571,640
5574,484
5578,400
5581,276
5592,824
5604,888
5605,24
5614,352
5617,660
5622,508
5627,132
5628,92
5629,952
5633,428
5644,864
5645,916
5647,636
5652,296
5654,864
5659,928
5672,116
5675,232
5680,968
5683,28
5688,144
5691,372
5694,664
5697,92
5702,904
5705,84
5706,624
5708,800
5714,940
5728,56
5732,592
5733,752
5743,848
5745,764
5750,56
5758,436
5759,856
5762,868
5768,848
5779,28
5784,388
5796,928
5808,988
5809,624
5810,644
5811,576
5818,140
5819,940
5820,508
5824,872
5825,884
5832,960
5846,840
5847,948
5851,32
5852,284
5853,564
5854,232
5861,928
5862,704
5878,932
5884,112
5885,508
5890,984
5891,416
5892,400
5908,496
5912,192
5920,176
5922,320
5923,208
5924,404
5926,60
5929,704
5936,740
5941,836
5942,948
5943,248
5944,716
5952,380
5958,348
5962,780
5965,356
5968,432
5971,104
5974,472
5979,896
5987,504
5992,676
5993,108
6003,424
6004,24
6007,480
6008,84
6011,328
6017,584
6023,512
6026,376
6029,612
6036,372
6040,984
6042,260
6044,864
6045,460
6048,640
6053,756
6055,820
6056,528
6059,256
6062,548
6063,968
6066,612
6073,648
6076,592
6078,680
6083,696
6086,420
6088,504
6093,356
6096,24
6101,664
6103,12
6105,716
6107,604
6108,952
6110,644
6111,588
6113,184
6118,580
6120,712
6128,184
6133,76
6138,180
6149,528
6152,628
6159,188
6185,380
6198,716
6201,168
6203,632
6216,892
6220,976
6223,576
6230,524
6238,980
6239,256
6241,84
6243,584
6244,488
6245,180
6246,732
6247,60
6249,552
6253,976
6257,68
6262,892
6265,716
6270,796
6271,824
6272,496
6276,536
6278,456
6279,296
6282,780
6290,0
6291,532
6300,652
6307,396
6319,648
6321,320
6327,368
6330,808
6335,536
6338,844
6341,140
6349,456
6354,28
6356,72
6357,948
6358,368
6360,76
6362,164
6367,824
6369,960
6372,796
6389,720
6395,108
6398,872
6404,684
6406,448
6410,652
6412,164
6419,760
6422,112
6438,268
6440,436
6443,80
6444,444
6449,856
6451,976
6453,4
6457,64
6460,468
6464,552
6468,36
6471,860
6483,988
6484,268
6488,64
6494,952
6495,796
6497,492
6498,884
6503,508
6507,896
6510,316
6514,168
6515,776
6519,16
6520,352
6522,684
6529,480
6533,828
6540,72
6547,904
6566,724
6568,244
6570,824
6571,396
6587,596
6588,220
6589,548
6590,376
6594,628
6596,948
6598,132
6603,156
6618,488
6620,416
6628,292
6636,560
6637,120
6639,856
6646,56
6652,408
6654,332
6655,252
6656,996
6661,372
6662,940
6664,880
6667,36
6675,804
6676,780
6677,192
6685,800
6688,184
6690,988
6691,288
6699,268
6700,280
6704,844
6705,312
6715,548
6716,0
6723,28
6728,20
6732,744
6733,736
6735,560
6736,560
6744,768
6745,580
6746,736
6748,256
6754,128
6756,520
6761,736
6764,588
6766,340
6770,656
6774,288
6777,96
6782,388
6789,108
6798,64
6802,388
6805,744
6806,812
6807,548
6811,640
6816,792
6818,940
6822,608
6826,288
6841,532
6842,60
6843,168
6846,968
6847,616
6856,836
6857,104
6861,620
6864,784
6865,408
6867,588
6868,160
6872,212
6873,124
6879,956
6882,912
6888,988
6891,452
6895,832
6896,576
6897,80
6900,572
6902,920
6908,292
6912,296
6917,868
6920,312
6922,756
6923,892
6934,788
6941,44
6950,388
6953,292
6958,560
6976,436
6979,852
6985,456
6989,312
6991,136
6993,284
6995,664
7005,28
7011,92
7014,252
7024,352
7027,464
7029,292
7031,752
7032,908
7034,160
7037,268
7042,724
7047,548
7048,824
7054,844
7056,488
7059,28
7067,88
7076,708
7080,352
7083,688
7084,120
7087,724
7091,536
7096,976
7101,820
7108,336
7109,36
7112,36
7113,784
7115,972
7121,728
7122,740
7123,824
7124,208
7141,408
7145,648
7148,128
7149,384
7153,356
7156,476
7170,480
7178,36
7181,320
7182,12
7189,20
7191,24
7204,936
7207,52
7210,108
7218,992
7223,996
7226,564
7227,416
7230,432
7232,940
7233,612
7240,708
7241,920
7249,772
7251,484
7268,640
7272,604
7275,984
7278,216
7285,968
7286,196
7290,940
7292,888
7300,676
7303,140
7304,208
7308,436
7311,20
7314,16
7330,688
7335,572
7343,12
7346,996
7347,744
7348,172
7350,504
7352,308
7353,392
7358,68
7359,128
7362,960
7365,512
7366,32
7373,344
7375,220
7387,760
7394,776
7396,184
7397,260
7398,88
7404,248
7405,924
7417,716
7425,676
7432,392
7438,480
7445,776
7462,972
7463,40
7466,788
7467,484
7473,820
7477,772
7482,772
7486,8
7498,564
7500,676
7503,268
7506,640
7509,604
7511,652
7513,788
7514,488
7528,976
7535,116
7536,60
7539,160
7540,128
7543,48
7544,888
7545,724
7555,996
7561,580
7567,932
7575,604
7586,376
7587,920
7590,896
7591,464
7592,524
7595,276
7596,948
7601,72
7602,8
7606,784
7607,116
7613,820
7616,188
7617,144
7618,392
7623,24
7625,612
7631,296
7643,160
7649,452
7650,672
7652,688
7654,632
7659,564
7668,884
7670,356
7674,92
7676,916
7677,68
7690,616
7692,92
7709,4
7717,232
7723,328
7726,276
7730,656
7735,48
7736,796
7739,596
7743,688
7744,436
7755,244
7763,52
7773,140
7774,576
7775,648
7780,984
7790,276
7791,820
7792,144
7794,404
7798,40
7802,908
7804,116
7810,360
7818,192
7819,804
7824,456
7826,652
7835,924
7839,388
7843,768
7844,596
7846,140
7849,396
7863,408
7868,296
7871,456
7875,708
7876,668
7878,836
7883,424
7898,340
7902,12
7916,852
7926,388
7932,392
7933,224
7935,632
7938,796
7942,108
7943,16
7945,24
7957,608
7967,876
7968,796
7972,928
7986,676
7988,124
7989,748
7990,72
7991,116
7992,768
7996,572
8004,504
8007,872
8008,712
8011,208
8012,72
8014,720
8018,164
8020,324
8021,532
8023,800
8031,176
8037,596
8051,368
8055,416
8056,468
8057,84
8063,16
8070,432
8073,264
8080,188
8081,676
8098,72
8104,416
8107,312
8111,16
8116,64
8125,860
8127,712
8129,776
8133,344
8144,460
8153,864
8154,436
8157,684
8162,244
8174,212
8178,344
8181,344
8187,892
8191,436
8192,684
8193,20
8201,160
8203,216
8204,192
8210,728
8211,32
8216,804
8217,932
8224,464
8226,520
8229,956
8238,628
8240,924
8243,532
8246,768
8256,156
8259,472
8260,672
8263,924
8266,440
8270,240
8274,168
8275,180
8277,384
8283,8
8284,516
8289,504
8292,0
8300,892
8301,852
8304,872
8310,476
8315,480
8316,952
8323,656
8331,672
8333,396
8334,800
8344,504
8351,144
8361,748
8364,284
8365,108
8366,740
8367,560
8372,752
8380,552
8384,168
8385,452
8386,636
8388,364
8389,44
8390,704
8391,272
8394,808
8395,132
8400,572
8402,976
8407,780
8412,380
8417,52
8420,692
8430,348
8432,436
8437,380
8449,448
8455,704
8459,772
8460,64
8466,120
8473,712
8476,568
8482,412
8483,4
8491,40
8496,212
8498,296
8499,916
8500,172
8501,20
8504,136
8511,736
8515,492
8520,644
8521,688
8522,160
8524,652
8528,516
8529,36
8534,432
8535,140
8542,508
8555,956
8556,464
8557,592
8561,864
8563,536
8567,464
8568,752
8576,984
8579,432
8582,268
8584,596
8585,420
8588,796
8593,328
8604,172
8608,568
8613,20
8619,364
8624,544
8632,604
8636,48
8637,244
8639,724
8640,264
8642,748
8643,924
8658,916
8659,224
8661,60
8663,104
8669,220
8670,720
8671,408
8674,64
8676,508
8677,864
8680,52
8681,976
8687,156
8688,116
8689,724
8690,620
8694,784
8697,968
8708,896
8709,400
8717,316
8727,908
8728,948
8735,148
8737,68
8741,256
8747,612
8761,68
8767,348
8769,108
8786,136
8788,64
8789,124
8790,48
8791,824
8793,808
8801,676
8804,616
8805,964
8806,440
8808,268
8820,180
8822,40
8828,204
8829,884
8831,276
8836,196
8837,48
8838,972
8839,648
8840,432
8844,820
8847,736
8848,996
8860,620
8862,364
8863,596
8869,892
8871,204
8872,92
8873,164
8874,844
8876,972
8877,104
8897,312
8906,204
8911,884
8913,948
8917,316
8921,520
8923,760
8924,312
8925,408
8933,312
8934,672
8939,256
8943,852
8950,824
8952,332
8953,404
8955,248
8958,472
8967,752
8969,540
8979,92
8984,404
8988,880
8991,104
8993,688
9004,444
9005,956
9009,180
9012,276
9017,704
9022,436
9032,896
9036,640
9038,404
9048,320
9051,292
9057,480
9058,680
9073,124
9075,0
9076,16
9077,568
9079,656
9080,532
9092,820
9097,568
9099,684
9101,120
9102,832
9103,892
9104,360
9105,492
9109,24
9124,624
9131,712
9135,236
9136,424
9139,204
9140,580
9149,972
9150,908
9151,256
9167,868
9180,876
9197,972
9202,648
9203,488
9207,96
9208,104
9210,956
9213,512
9214,992
9218,620
9220,424
9221,28
9223,464
9224,568
9225,396
9230,64
9233,388
9234,76
9236,348
9238,564
9241,888
9245,544
9251,896
9252,836
9253,316
9255,776
9256,276
9258,984
9260,612
9264,320
9265,384
9286,448
9293,652
9297,944
9301,168
9303,8
9306,660
9309,796
9311,624
9312,912
9314,480
9316,776
9321,844
9323,380
9329,752
9333,420
9340,224
9344,36
9350,316
9354,60
9363,432
9365,364
9366,296
9373,584
9375,312
9376,660
9384,252
9389,444
9391,236
9395,292
9396,748
9398,420
9400,704
9410,48
9416,832
9417,668
9418,784
9427,988
9428,708
9434,172
9437,492
9439,268
9444,376
9448,116
9459,988
9460,980
9463,964
9471,132
9474,24
9477,824
9478,648
9487,328
9490,396
9492,24
9496,72
9497,780
9499,408
9500,280
9501,952
9504,576
9509,704
9513,784
9515,364
9524,484
9535,532
9541,540
9542,208
9543,252
9547,820
9548,452
9549,336
9561,8
9568,8
9574,612
9583,264
9587,280
9592,288
9594,488
9595,312
9597,544
9602,896
9607,680
9617,408
9622,452
9626,856
9627,156
9630,380
9631,104
9637,16
9639,372
9641,436
9643,348
9654,84
9657,964
9661,740
9662,964
9663,932
9666,40
9672,580
9674,420
9681,872
9683,780
9684,592
9686,296
9688,252
9692,772
9696,124
9697,104
9699,592
9700,448
9707,216
9708,580
9718,276
9721,692
9727,692
9728,36
9731,760
9735,244
9743,480
9750,548
9756,356
9759,136
9761,224
9762,532
9769,496
9771,288
9773,672
9783,532
9784,808
9786,104
9795,132
9796,560
9799,220
9815,888
9820,888
9822,812
9828,256
9836,444
9837,604
9839,744
9847,640
9851,304
9852,668
9858,644
9863,68
9865,976
9872,680
9875,704
9879,304
9880,528
9882,384
9886,368
9892,344
9893,616
9896,916
9901,104
9902,24
9904,72
9911,588
9918,180
9938,348
9942,788
9953,60
9961,124
9965,236
9968,480
9970,872
9974,276
9976,736
9981,164
9982,284
9984,136
9988,20
9992,676
9993,696
9994,288
9998,224
10001,480
